"final_gene","geneID","baseMean","log2FoldChange","lfcSE","stat","pvalue","padj"
"Vitvi05_01chr19g00700","Vitvi05_01chr19g00700",1431.23605510313,-2.2729204958556,0.428574410817117,-5.30344425259096,1.13637918033404e-07,0.00344584258852692
"Vitvi05_01chr00g02560","Vitvi05_01chr00g02560",64.9251107006975,-30,5.99184855978959,-5.0068021080048,5.53417718778878e-07,0.00634708422127222
"Vitvi05_01chr00g02650","Vitvi05_01chr00g02650",68.1443141690498,-30,6.02117340403044,-4.98241754338426,6.27947520489947e-07,0.00634708422127222
"Vitvi05_01chr18g04870","Vitvi05_01chr18g04870",57200.363220369,-1.36399982670923,0.286833820933127,-4.75536609410938,1.98087122904733e-06,0.0150164895696006
"bHLH046","Vitvi05_01chr11g09990",2701.51013325416,-1.04401340582452,0.223850862416127,-4.6638793103408,3.10303413050705e-06,0.015979126691578
"Vitvi05_01chr14g05150","Vitvi05_01chr14g05150",338.008088783706,1.7219117150448,0.369507349670873,4.66002020414084,3.16178346962596e-06,0.015979126691578
"Vitvi05_01chr00g00100","Vitvi05_01chr00g00100",29.2624697526923,18.4472769730649,4.02753070686637,4.58029455656661,4.64321522189466e-06,0.017599526896689
"Vitvi05_01chr14g01230","Vitvi05_01chr14g01230",25.4910191853541,4.92774453208781,1.07122345063056,4.60010890275708,4.22270122465498e-06,0.017599526896689
