"final_gene","geneID","baseMean","log2FoldChange","lfcSE","stat","pvalue","padj"
"Vitvi05_01chr04g00260","Vitvi05_01chr04g00260",417.90294113114,-1.11225362126693,0.246582490910003,-4.51067558431338,6.46214860967293e-06,0.0268880584590779
"Vitvi05_01chr04g00270","Vitvi05_01chr04g00270",820.519599041584,-1.06331750511898,0.23644439635889,-4.49711442306717,6.88819225286997e-06,0.0268880584590779
"Vitvi05_01chr04g00250","Vitvi05_01chr04g00250",2244.29500940758,-1.06909306053415,0.241333380897444,-4.42994274790549,9.42581086021615e-06,0.0275952395196403
"Vitvi05_01chr01g21970","Vitvi05_01chr01g21970",25.0421287207742,-1.18250619128614,0.281436141060373,-4.20168563579215,2.64934867905393e-05,0.0495499353231875
"Vitvi05_01chr09g03440","Vitvi05_01chr09g03440",653.465004769554,-1.20754840269439,0.289817282440264,-4.16658521026361,3.09196351002892e-05,0.0495499353231875
